,0,1
0,"POSS SCH 1 DRUGS, 1, M, Black, RELEASED",126
1,"POSS SCH 2 DRUGS, 2, M, White, RELEASED",56
2,"POSS SCH 1 / MARIJUA, 1, M, Black, RELEASED",137
3,"POSS SCH 2 DRUGS, 2, M, Black, RELEASED",102
4,"POSS SCH 2 DRUGS, 2, F, White, RELEASED",10
5,"POSS SCH 5 DRUGS, 5, M, Black, RELEASED",1
6,"POSS SCH 1 / MARIJUA, 1, F, White, RELEASED",7
7,"POSS SCH 4 DRUGS, 4, M, Black, RELEASED",27
8,"POSS SCH 3 DRUGS, 3, M, Black, RELEASED",11
9,"POSS SCH 2 DRUGS, 2, F, Black, RELEASED",22
10,"POSS SCH 1 DRUGS, 1, M, White, RELEASED",40
11,"POSS SCH I / HEROIN, , M, White, RELEASED",3
12,"POSS SCH 1 DRUGS, 1, M, Hispanic, RELEASED",1
13,"POSS SCH 2 DRUGS, 2, M, Hispanic, RELEASED",2
14,"POSS SCH 1 / MARIJUA, 1, M, Black, 9/10/2019",8
15,"POSS SCH 1 DRUGS, 1, M, Black, 9/23/2019",5
16,"POSS SCH 1 DRUGS, 1, M, Black, 8/13/2019",22
17,"POSS SCH 1 DRUGS, 1, M, Black, 7/4/2019",4
18,"POSS SCH 4 DRUGS, 4, F, White, RELEASED",4
19,"POSS SCH 4 DRUGS, 4, M, White, 9/11/2019",4
20,"POSS SCH 1 DRUGS, 1, M, Black, 2/6/2015",3
21,"POSS SCH 1 DRUGS, 1, M, Black, 9/12/2019",10
22,"POSS SCH 1 DRUGS, 1, M, Black, 3/26/2014",8
23,"POSS SCH 1 DRUGS, 1, M, Black, 2/28/2019",16
24,"POSS SCH 1 DRUGS, 1, M, White, 9/26/2019",2
25,"POSS SCH 1 / MARIJUA, 1, M, White, 10/4/2019",1
26,"POSS SCH 2 DRUGS, 2, M, Black, 4/3/2019",4
27,"POSS SCH 1 DRUGS, 1, M, Black, 2/12/2019",5
28,"POSS SCH 1 / MARIJUA, 1, M, Black, 10/1/2019",2
29,"POSS SCH 2 DRUGS, 2, F, Black, 10/3/2019",1
30,"POSS SCH 1 / MARIJUA, 1, M, Black, 12/1/2017",1
31,"POSS SCH 1 DRUGS, 1, M, Black, 7/29/2019",2
32,"POSS SCH 2 DRUGS, 2, M, White, 5/7/2019",5
33,"POSS SCH 4 DRUGS, 4, M, White, RELEASED",12
34,"POSS SCH 1 / MARIJUA, 1, M, Black, 5/13/2019",1
35,"POSS SCH 1 DRUGS, 1, M, Black, 11/4/2017",2
36,"POSS SCH 1 DRUGS, 1, M, Black, 8/7/2019",4
37,"POSS SCH 2 DRUGS, 2, M, Black, 8/22/2018",1
38,"POSS SCH 1 / MARIJUA, 1, M, White, RELEASED",14
39,"POSS SCH 1 DRUGS, 1, M, White, 10/4/2019",1
40,"POSS SCH 2 DRUGS, 2, M, White, 1/3/2019",1
41,"POSS SCH 1 / MARIJUA, 1, M, White, 3/14/2019",1
42,"POSS SCH 4 DRUGS, 4, M, Black, 2/2/2019",1
43,"POSS SCH 1 / MARIJUA, 1, M, Black, 3/28/2019",1
44,"POSS SCH 1 DRUGS, 1, M, Black, 4/12/2019",2
45,"POSS SCH 2 DRUGS, 2, M, Black, 4/12/2019",2
46,"POSS SCH 2 DRUGS, 2, M, Black, 9/11/2018",1
47,"POSS SCH 3 DRUGS, 3, M, White, 1/31/2017",1
48,"POSS SCH 2 DRUGS, 2, M, White, 5/31/2019",2
49,"POSS SCH I / HEROIN, , M, Black, 3/10/2019",2
50,"POSS SCH 4 DRUGS, 4, M, Black, 5/23/2019",1
51,"POSS SCH 1 / MARIJUA, 1, F, Black, RELEASED",16
52,"POSS SCH 1 DRUGS, 1, M, Black, 9/26/2016",1
53,"POSS SCH 1 DRUGS, 1, M, Black, 9/30/2019",3
54,"POSS SCH 2 DRUGS, 2, F, White, 9/21/2017",1
55,"POSS SCH 2 DRUGS, 2, M, Black, 8/28/2019",4
56,"POSS SCH 2 DRUGS, 2, M, Black, 10/2/2019",3
57,"POSS SCH 1 DRUGS, 1, M, White, 7/11/2019",1
58,"POSS SCH 2 DRUGS, 2, M, Black, 9/13/2019",2
59,"POSS SCH 1 / MARIJUA, 1, M, Black, 8/24/2019",2
60,"POSS SCH 1 DRUGS, 1, M, Black, 5/4/2019",3
61,"POSS SCH 1 DRUGS, 1, M, Black, 10/1/2019",9
62,"POSS SCH 1 DRUGS, 1, M, Black, 1/24/2019",3
63,"POSS SCH 1 DRUGS, 1, M, Black, 8/17/2019",2
64,"POSS SCH 2 DRUGS, 2, F, White, 9/5/2019",4
65,"POSS SCH 1 DRUGS, 1, M, Black, 8/23/2019",11
66,"POSS SCH 1 DRUGS, 1, M, Black, 4/3/2019",10
67,"POSS SCH 1 / MARIJUA, 1, M, Black, 8/30/2019",9
68,"POSS SCH 1 / MARIJUA, 1, M, Black, 9/11/2019",10
69,"POSS SCH 1 DRUGS, 1, F, White, 9/6/2019",17
70,"POSS SCH 1 DRUGS, 1, M, Black, 1/27/2019",3
71,"POSS SCH 2 DRUGS, 2, M, Black, 9/11/2019",11
72,"POSS SCH 1 / MARIJUA, 1, M, Black, 2/6/2019",7
73,"POSS SCH 1 DRUGS, 1, M, Black, 6/11/2019",6
74,"POSS SCH 1 / MARIJUA, 1, M, Black, 8/29/2019",7
75,"POSS SCH 1 DRUGS, 1, M, Black, 2/7/2019",4
76,"POSS SCH 1 / MARIJUA, 1, M, Black, 2/7/2019",4
77,"POSS SCH 2 DRUGS, 2, M, Black, 4/25/2018",4
78,"POSS SCH 2 DRUGS, 2, M, Black, 9/4/2019",6
79,"POSS SCH 1 DRUGS, 1, M, Black, 9/25/2019",4
80,"POSS SCH 1 / MARIJUA, 1, M, Black, 7/10/2019",4
81,"POSS SCH 1 DRUGS, 1, M, White, 9/12/2019",14
82,"POSS SCH 2 DRUGS, 2, M, Black, 9/26/2019",7
83,"POSS SCH 4 DRUGS, 4, M, Black, 9/26/2018",7
84,"POSS SCH 1 DRUGS, 1, M, White, 8/7/2019",12
85,"POSS SCH 2 DRUGS, 2, M, Black, 7/6/2019",14
86,"POSS SCH 1 DRUGS, 1, M, Black, 1/19/2017",1
87,"POSS SCH 2 DRUGS, 2, M, Black, 7/31/2019",4
88,"POSS SCH 4 DRUGS, 4, M, White, 9/28/2018",1
89,"POSS SCH 4 DRUGS, 4, M, Black, 9/3/2019",1
90,"POSS SCH 2 DRUGS, 2, M, Black, 8/1/2019",2
91,"POSS SCH 4 DRUGS, 4, M, Black, 12/29/2018",1
92,"POSS SCH 2 DRUGS, 2, M, Black, 9/12/2019",4
93,"POSS SCH 1 DRUGS, 1, M, Black, 3/19/2019",6
94,"POSS SCH 1 DRUGS, 1, M, Black, 9/7/2019",4
95,"POSS SCH 1 DRUGS, 1, M, Black, 11/30/2018",5
96,"POSS SCH 2 DRUGS, 2, M, Black, 6/25/2019",10
97,"POSS SCH 2 DRUGS, 2, M, White, 10/11/2019",2
98,"POSS SCH 1 DRUGS, 1, M, White, 10/11/2019",1
99,"POSS SCH 1 / MARIJUA, 1, F, White, 9/6/2019",10
100,"POSS SCH 1 / MARIJUA, 1, M, Black, 1/22/2019",4
101,"POSS SCH 2 DRUGS, 2, M, White, 11/18/2018",7
102,"POSS SCH 1 DRUGS, 1, M, Black, 6/4/2019",6
103,"POSS SCH 1 DRUGS, 1, M, Black, 9/10/2019",5
104,"POSS SCH 1 / MARIJUA, 1, M, Black, 1/4/2018",2
105,"POSS SCH 2 DRUGS, 2, M, White, 8/14/2019",3
106,"POSS SCH 1 DRUGS, 1, F, White, 4/12/2017",1
107,"POSS SCH 1 DRUGS, 1, M, Black, 10/6/2019",1
108,"POSS SCH 2 DRUGS, 2, M, Black, 7/29/2017",1
109,"POSS SCH 1 / MARIJUA, 1, M, Black, 7/29/2017",1
110,"POSS SCH 4 DRUGS, 4, M, Black, 8/23/2019",2
111,"POSS SCH 1 DRUGS, 1, M, White, 9/10/2019",6
112,"POSS SCH 2 DRUGS, 2, M, Black, 9/10/2019",8
113,"POSS SCH 1 DRUGS, 1, M, White, 8/12/2019",2
114,"POSS SCH 2 DRUGS, 2, M, White, 8/12/2019",2
115,"POSS SCH 2 DRUGS, 2, M, White, 9/6/2019",3
116,"POSS SCH 2 DRUGS, 2, M, Black, 6/11/2019",8
117,"POSS SCH 1 DRUGS, 1, M, White, 7/6/2018",1
118,"POSS SCH 1 / MARIJUA, 1, M, Black, 3/1/2018",1
119,"POSS SCH 1 DRUGS, 1, M, Black, 8/1/2019",1
120,"POSS SCH 2 DRUGS, 2, M, Black, 7/11/2019",4
121,"POSS SCH 2 DRUGS, 2, M, Black, 2/27/2019",10
122,"POSS SCH 1 DRUGS, 1, M, Black, 2/27/2019",10
123,"POSS SCH 2 DRUGS, 2, M, Black, 6/23/2018",6
124,"POSS SCH 1 DRUGS, 1, M, Black, 9/27/2019",10
125,"POSS SCH 2 DRUGS, 2, M, Black, 8/13/2019",17
126,"POSS SCH 1 DRUGS, 1, M, Black, 9/4/2019",14
127,"POSS SCH 1 DRUGS, 1, M, Black, 9/7/2018",6
128,"POSS SCH 1 DRUGS, 1, F, White, RELEASED",8
129,"POSS SCH 1 DRUGS, 1, M, Black, 10/2/2019",6
130,"POSS SCH 4 DRUGS, 4, M, Black, 3/15/2019",6
131,"POSS SCH 2 DRUGS, 2, M, Black, 6/20/2019",6
132,"POSS SCH 1 DRUGS, 1, M, Black, 6/20/2019",3
133,"POSS SCH 2 DRUGS, 2, F, Black, 10/1/2019",5
134,"POSS SCH 1 / MARIJUA, 1, M, Black, 9/21/2019",4
135,"POSS SCH 2 DRUGS, 2, M, Black, 9/23/2019",8
136,"POSS SCH 2 DRUGS, 2, M, Black, 7/5/2019",1
137,"POSS SCH 2 DRUGS, 2, M, White, 9/2/2019",6
138,"POSS SCH 2 DRUGS, 2, M, White, 7/14/2019",2
139,"POSS SCH 1 / MARIJUA, 1, M, Black, 6/14/2019",8
140,"POSS SCH 2 DRUGS, 2, F, White, 7/11/2019",13
141,"POSS SCH 4 DRUGS, 4, M, White, 9/17/2019",5
142,"POSS SCH 2 DRUGS, 2, M, Black, 6/26/2019",1
143,"POSS SCH 4 DRUGS, 4, M, Black, 8/29/2018",1
144,"POSS SCH 1 DRUGS, 1, F, White, 11/2/2012",1
145,"POSS SCH 4 DRUGS, 4, M, White, 3/24/2019",1
146,"POSS SCH 1 DRUGS, 1, M, Black, 8/22/2019",5
147,"POSS SCH 1 / MARIJUA, 1, M, White, 8/29/2019",3
148,"POSS SCH 1 DRUGS, 1, M, Black, 8/29/2019",5
149,"POSS SCH 3 DRUGS, 3, M, Black, 2/7/2019",4
150,"POSS SCH 1 / MARIJUA, 1, M, Black, 3/23/2019",3
151,"POSS SCH 1 / MARIJUA, 1, M, White, 9/12/2019",2
152,"POSS SCH 2 DRUGS, 2, M, White, 9/23/2019",2
153,"POSS SCH 2 DRUGS, 2, M, Black, 12/21/2017",4
154,"POSS SCH 2 DRUGS, 2, M, Black, 3/1/2019",2
155,"POSS SCH 2 DRUGS, 2, M, White, 8/23/2019",13
156,"POSS SCH 1 DRUGS, 1, M, White, 5/20/2019",4
157,"POSS SCH 1 / MARIJUA, 1, M, White, 8/13/2019",8
158,"POSS SCH 1 / MARIJUA, 1, M, Black, 3/14/2019",7
159,"POSS SCH 1 DRUGS, 1, M, White, 7/16/2019",1
160,"POSS SCH 2 DRUGS, 2, M, Black, 5/18/2015",1
161,"POSS SCH 1 DRUGS, 1, M, Black, 7/23/2019",14
162,"POSS SCH 2 DRUGS, 2, M, White, 9/20/2019",1
163,"POSS SCH 4 DRUGS, 4, M, Black, 7/1/2019",3
164,"POSS SCH 1 DRUGS, 1, M, Black, 5/29/2019",1
165,"POSS SCH 1 DRUGS, 1, M, Black, 6/27/2019",3
166,"POSS SCH 1 / MARIJUA, 1, M, Black, 1/21/2016",1
167,"POSS SCH 1 DRUGS, 1, M, Black, 12/5/2018",2
168,"POSS SCH 1 DRUGS, 1, M, Black, 9/11/2019",7
169,"POSS SCH 2 DRUGS, 2, M, White, 3/29/2019",1
170,"POSS SCH 2 DRUGS, 2, M, Black, 9/3/2019",6
171,"POSS SCH 2 DRUGS, 2, M, Black, 7/17/2019",4
172,"POSS SCH 1 / MARIJUA, 1, M, Black, 7/17/2019",2
173,"POSS SCH 1 DRUGS, 1, M, Black, 6/9/2019",2
174,"POSS SCH 1 DRUGS, 1, M, Black, 9/6/2019",2
175,"POSS SCH 1 DRUGS, 1, M, Black, 8/20/2019",4
176,"POSS SCH 2 DRUGS, 2, M, Black, 3/1/2018",1
177,"POSS SCH 1 DRUGS, 1, M, Black, 6/12/2019",1
178,"POSS SCH 1 / MARIJUA, 1, M, Black, 6/12/2019",1
179,"POSS SCH 2 DRUGS, 2, M, Black, 7/20/2019",3
180,"POSS SCH 1 DRUGS, 1, M, Black, 8/27/2019",1
181,"POSS SCH 2 DRUGS, 2, M, Black, 8/27/2019",1
182,"POSS SCH 2 DRUGS, 2, M, White, 4/2/2019",1
183,"POSS SCH 2 DRUGS, 2, M, Hispanic, 8/16/2019",1
184,"POSS SCH 3 DRUGS, 3, M, Black, 8/13/2019",3
185,"POSS SCH 2 DRUGS, 2, M, White, 6/18/2019",7
186,"POSS SCH 1 DRUGS, 1, M, Black, 9/16/2019",4
187,"POSS SCH 2 DRUGS, 2, M, Black, 4/17/2019",6
188,"POSS SCH 2 DRUGS, 2, M, Black, 6/29/2019",1
189,"POSS SCH 1 / MARIJUA, 1, M, Black, 12/3/2018",1
190,"POSS SCH 1 DRUGS, 1, M, White, 6/7/2019",1
191,"POSS SCH 1 DRUGS, 1, M, Black, 8/25/2019",2
192,"POSS SCH 1 DRUGS, 1, M, Black, 7/19/2019",10
193,"POSS SCH 1 / MARIJUA, 1, M, Black, 9/27/2019",2
194,"POSS SCH 3 DRUGS, 3, M, Black, 9/27/2019",1
195,"POSS SCH 2 DRUGS, 2, M, Black, 9/27/2019",1
196,"POSS SCH 2 DRUGS, 2, M, Black, 4/2/2019",1
197,"POSS SCH 1 DRUGS, 1, M, White, 10/6/2018",2
198,"POSS SCH 1 / MARIJUA, 1, M, Black, 4/1/2017",1
199,"POSS SCH 1 DRUGS, 1, M, Black, 7/18/2019",2
200,"POSS SCH 1 DRUGS, 1, M, Black, 3/15/2019",2
201,"POSS SCH 2 DRUGS, 2, M, Black, 3/15/2019",1
202,"POSS SCH I / HEROIN, , F, White, 8/2/2018",1
203,"POSS SCH 1 DRUGS, 1, M, Black, 4/18/2018",1
204,"POSS SCH 4 DRUGS, 4, M, Black, 9/29/2019",1
205,"POSS SCH 2 DRUGS, 2, M, Black, 9/28/2019",1
206,"POSS SCH 1 / MARIJUA, 1, M, Black, 5/28/2019",1
207,"POSS SCH 2 DRUGS, 2, M, Black, 9/12/2017",1
208,"POSS SCH 1 DRUGS, 1, M, Black, 9/3/2019",2
209,"POSS SCH 1 / MARIJUA, 1, M, Black, 3/3/2019",1
210,"POSS SCH 2 DRUGS, 2, M, Black, 9/28/2018",1
211,"POSS SCH 2 DRUGS, 2, M, Black, 5/2/2019",1
212,"POSS SCH 1 DRUGS, 1, M, Black, 9/13/2019",3
213,"POSS SCH 1 DRUGS, 1, M, Black, 5/24/2019",1
214,"POSS SCH 2 DRUGS, 2, M, Black, 5/24/2019",3
215,"POSS SCH 4 DRUGS, 4, M, Black, 4/30/2019",2
216,"POSS SCH 2 DRUGS, 2, M, Black, 5/31/2019",2
217,"POSS SCH 1 / MARIJUA, 1, M, Black, 9/26/2019",2
218,"POSS SCH 2 DRUGS, 2, M, Black, 9/24/2019",6
219,"POSS SCH 1 / MARIJUA, 1, M, Black, 2/19/2019",1
220,"POSS SCH 2 DRUGS, 2, M, White, 7/30/2019",6
221,"POSS SCH 1 DRUGS, 1, M, Black, 8/14/2019",9
222,"POSS SCH 1 / MARIJUA, 1, M, Black, 9/4/2019",1
223,"POSS SCH 1 DRUGS, 1, M, White, 5/3/2018",1
224,"POSS SCH 2 DRUGS, 2, M, White, 5/3/2018",1
225,"POSS SCH 1 DRUGS, 1, M, Black, 6/22/2019",1
226,"POSS SCH 1 / MARIJUA, 1, M, Black, 9/20/2019",2
227,"POSS SCH 2 DRUGS, 2, M, Black, 9/20/2019",1
228,"POSS SCH 1 / MARIJUA, 1, M, White, 6/7/2019",1
229,"POSS SCH 1 / MARIJUA, 1, M, Black, 8/14/2019",1
230,"POSS SCH 2 DRUGS, 2, M, White, 6/21/2019",2
231,"POSS SCH 2 DRUGS, 2, M, White, 9/25/2019",2
232,"POSS SCH 2 DRUGS, 2, M, Black, 9/27/2018",1
233,"POSS SCH 3 DRUGS, 3, M, Black, 8/31/2019",1
234,"POSS SCH 2 DRUGS, 2, M, Black, 8/31/2019",1
235,"POSS SCH 1 DRUGS, 1, M, White, 6/21/2019",1
236,"POSS SCH 2 DRUGS, 2, F, Black, 5/31/2018",1
237,"POSS SCH 1 DRUGS, 1, M, Black, 12/6/2018",1
238,"POSS SCH 1 / MARIJUA, 1, M, Black, 9/13/2019",1
239,"POSS SCH 1 / MARIJUA, 1, M, Black, 2/2/2019",1
240,"POSS SCH 1 DRUGS, 1, F, White, 8/22/2018",1
241,"POSS SCH 2 DRUGS, 2, M, Black, 4/26/2018",1
242,"POSS SCH 1 / MARIJUA, 1, M, Black, 4/26/2018",1
243,"POSS SCH 2 DRUGS, 2, M, Black, 6/9/2019",3
244,"POSS SCH 1 DRUGS, 1, M, Black, 2/8/2018",1
245,"POSS SCH I / HEROIN, , M, Black, 11/1/2018",1
246,"POSS SCH 2 DRUGS, 2, M, White, 5/23/2019",1
247,"POSS SCH 4 DRUGS, 4, M, Black, 7/5/2019",2
248,"POSS SCH 2 DRUGS, 2, F, White, 2/18/2019",1
249,"POSS SCH 4 DRUGS, 4, M, Black, 9/24/2019",1
250,"POSS SCH 2 DRUGS, 2, M, Black, 5/30/2019",2
251,"POSS SCH 2 DRUGS, 2, M, Black, 5/23/2019",2
252,"POSS SCH 1 / MARIJUA, 1, M, Black, 6/19/2019",4
253,"POSS SCH 2 DRUGS, 2, M, Black, 8/20/2019",1
254,"POSS SCH 4 DRUGS, 4, M, Black, 8/20/2019",2
255,"POSS SCH 1 / MARIJUA, 1, M, Black, 9/25/2019",2
256,"POSS SCH 1 DRUGS, 1, M, Black, 7/14/2019",1
257,"POSS SCH 1 DRUGS, 1, M, Black, 7/25/2018",1
258,"POSS SCH 2 DRUGS, 2, M, Black, 7/25/2018",1
259,"POSS SCH 1 DRUGS, 1, M, White, 10/10/2019",4
260,"POSS SCH 1 DRUGS, 1, M, Black, 8/12/2019",10
261,"POSS SCH 2 DRUGS, 2, M, Black, 8/12/2019",10
262,"POSS SCH 2 DRUGS, 2, M, Black, 1/23/2019",2
263,"POSS SCH 1 / MARIJUA, 1, M, Black, 2/28/2019",3
264,"POSS SCH 1 DRUGS, 1, M, Black, 10/10/2019",4
265,"POSS SCH 1 / MARIJUA, 1, M, Black, 6/20/2019",3
266,"POSS SCH 4 DRUGS, 4, M, Black, 6/20/2019",6
267,"POSS SCH 1 DRUGS, 1, F, White, 10/7/2019",2
268,"POSS SCH 2 DRUGS, 2, F, White, 10/7/2019",3
269,"POSS SCH 1 / MARIJUA, 1, M, Black, 9/5/2019",9
270,"POSS SCH 1 / MARIJUA, 1, M, Black, 8/23/2019",4
271,"POSS SCH 2 DRUGS, 2, F, White, 9/24/2019",5
272,"POSS SCH 1 / MARIJUA, 1, M, Black, 3/12/2019",3
273,"POSS SCH 1 / MARIJUA, 1, F, White, 10/4/2019",6
274,"POSS SCH 2 DRUGS, 2, M, White, 6/23/2019",2
275,"POSS SCH 2 DRUGS, 2, M, Black, 8/15/2018",3
276,"POSS SCH 1 DRUGS, 1, F, Asian, 7/10/2019",2
277,"POSS SCH 2 DRUGS, 2, M, White, 4/12/2017",5
278,"POSS SCH 2 DRUGS, 2, M, Black, 3/12/2019",4
279,"POSS SCH 4 DRUGS, 4, M, Black, 8/5/2019",2
280,"POSS SCH 1 DRUGS, 1, M, Black, 6/2/2019",13
281,"POSS SCH 2 DRUGS, 2, M, White, 5/30/2019",5
282,"POSS SCH 4 DRUGS, 4, M, Black, 3/25/2019",8
283,"POSS SCH 1 / MARIJUA, 1, M, Black, 4/3/2019",4
284,"POSS SCH 2 DRUGS, 2, M, Black, 9/30/2019",5
285,"POSS SCH 1 DRUGS, 1, M, White, 6/20/2019",2
286,"POSS SCH 2 DRUGS, 2, M, White, 6/20/2019",2
287,"POSS SCH 4 DRUGS, 4, M, White, 8/16/2019",3
288,"POSS SCH 1 DRUGS, 1, M, White, 3/3/2019",6
289,"POSS SCH 2 DRUGS, 2, M, White, 9/11/2019",3
290,"POSS SCH 1 DRUGS, 1, M, Black, 10/5/2019",1
291,"POSS SCH 4 DRUGS, 4, M, Black, 10/7/2019",2
292,"POSS SCH I / HEROIN, , M, Black, 4/16/2019",4
293,"POSS SCH 2 DRUGS, 2, M, Black, 4/16/2019",5
294,"POSS SCH 1 DRUGS, 1, M, Black, 6/23/2018",4
295,"POSS SCH 2 DRUGS, 2, M, Black, 7/23/2019",9
296,"POSS SCH 2 DRUGS, 2, M, Black, 10/4/2019",5
297,"POSS SCH 2 DRUGS, 2, M, White, 3/3/2019",4
298,"POSS SCH 2 DRUGS, 2, M, Black, 4/21/2019",3
299,"POSS SCH 5 DRUGS, 5, M, Black, 9/20/2019",6
300,"POSS SCH 2 DRUGS, 2, M, Black, 8/23/2019",3
301,"POSS SCH 3 DRUGS, 3, M, Black, 8/22/2019",4
302,"POSS SCH 5 DRUGS, 5, M, Black, 8/22/2019",6
303,"POSS SCH 1 / MARIJUA, 1, M, Black, 8/22/2019",3
304,"POSS SCH 2 DRUGS, 2, M, Black, 8/22/2019",2
305,"POSS SCH 2 DRUGS, 2, M, Black, 9/25/2019",3
306,"POSS SCH 2 DRUGS, 2, F, White, 10/4/2019",4
307,"POSS SCH 2 DRUGS, 2, F, Black, 9/12/2019",4
308,"POSS SCH 2 DRUGS, 2, F, Asian, 7/10/2019",4
309,"POSS SCH 1 DRUGS, 1, F, White, 9/3/2019",4
310,"POSS SCH 1 DRUGS, 1, M, Black, 8/18/2019",4
311,"POSS SCH 1 DRUGS, 1, M, Black, 2/8/2019",4
312,"POSS SCH 2 DRUGS, 2, M, Black, 2/8/2019",3
313,"POSS SCH I / HEROIN, , M, Black, 7/6/2019",2
314,"POSS SCH 2 DRUGS, 2, F, White, 8/23/2019",7
315,"POSS SCH 1 DRUGS, 1, F, Black, 8/23/2019",10
316,"POSS SCH 4 DRUGS, 4, M, Black, 4/3/2019",4
317,"POSS SCH 1 DRUGS, 1, M, Black, 7/21/2019",5
318,"POSS SCH 1 / MARIJUA, 1, M, Black, 9/18/2019",7
319,"POSS SCH 1 / MARIJUA, 1, M, Black, 6/9/2019",2
320,"POSS SCH 4 DRUGS, 4, M, Black, 7/13/2019",5
321,"POSS SCH 1 DRUGS, 1, M, Black, 7/11/2019",12
322,"POSS SCH 4 DRUGS, 4, M, Black, 1/29/2019",16
323,"POSS SCH 1 DRUGS, 1, M, Black, 1/29/2019",11
324,"POSS SCH 1 DRUGS, 1, M, Black, 3/21/2019",1
325,"POSS SCH 2 DRUGS, 2, M, Black, 3/21/2019",2
326,"POSS SCH 4 DRUGS, 4, M, Black, 9/18/2019",7
327,"POSS SCH 2 DRUGS, 2, F, Black, 9/25/2019",6
328,"POSS SCH 2 DRUGS, 2, M, Black, 3/22/2019",7
329,"POSS SCH 1 / MARIJUA, 1, M, Black, 9/21/2017",6
330,"POSS SCH 2 DRUGS, 2, M, Black, 3/27/2019",4
331,"POSS SCH 1 DRUGS, 1, M, White, 5/31/2019",4
332,"POSS SCH 2 DRUGS, 2, M, Black, 8/18/2019",4
333,"POSS SCH 1 DRUGS, 1, M, Black, 3/12/2019",3
334,"POSS SCH 2 DRUGS, 2, M, Black, 8/5/2019",3
335,"POSS SCH 2 DRUGS, 2, M, Black, 2/9/2018",3
336,"POSS SCH I / HEROIN, , M, White, 8/3/2019",3
337,"POSS SCH 1 DRUGS, 1, M, White, 8/3/2019",3
338,"POSS SCH 1 / MARIJUA, 1, M, Black, 11/26/2018",3
339,"POSS SCH 1 / MARIJUA, 1, M, Black, 4/16/2019",2
340,"POSS SCH 1 / MARIJUA, 1, M, Black, 4/4/2019",4
341,"POSS SCH 1 / MARIJUA, 1, M, Black, 7/24/2019",2
342,"POSS SCH 1 DRUGS, 1, M, Black, 9/10/2018",1
343,"POSS SCH 1 DRUGS, 1, M, Black, 7/8/2019",2
344,"POSS SCH 2 DRUGS, 2, F, White, 9/13/2019",3
345,"POSS SCH 1 DRUGS, 1, M, White, 7/29/2019",1
346,"POSS SCH 1 DRUGS, 1, M, Black, 10/6/2018",2
347,"POSS SCH 1 / MARIJUA, 1, F, White, 9/26/2019",2
348,"POSS SCH 1 / MARIJUA, 1, M, Black, 6/11/2019",2
349,"POSS SCH 4 DRUGS, 4, M, Black, 4/5/2019",1
350,"POSS SCH 2 DRUGS, 2, M, Black, 4/5/2019",2
351,"POSS SCH 1 DRUGS, 1, M, White, 8/28/2019",2
352,"POSS SCH 1 DRUGS, 1, M, White, 8/18/2015",3
353,"POSS SCH 4 DRUGS, 4, M, Black, 9/25/2019",2
354,"POSS SCH 1 / MARIJUA, 1, M, Black, 9/23/2019",3
355,"POSS SCH 1 DRUGS, 1, M, Black, 9/27/2018",2
356,"POSS SCH 1 DRUGS, 1, M, Black, 5/30/2019",2
357,"POSS SCH 4 DRUGS, 4, F, Black, 8/23/2019",3
358,"POSS SCH 1 DRUGS, 1, M, Black, 9/12/2017",2
359,"POSS SCH 2 DRUGS, 2, M, Black, 8/14/2019",3
360,"POSS SCH 1 DRUGS, 1, M, Black, 9/28/2018",3
361,"POSS SCH 2 DRUGS, 2, M, Black, 9/6/2019",2
362,"POSS SCH 3 DRUGS, 3, M, Black, 2/28/2019",3
363,"POSS SCH 4 DRUGS, 4, M, White, 3/3/2019",3
364,"POSS SCH 2 DRUGS, 2, M, Black, 7/19/2019",7
365,"POSS SCH 1 DRUGS, 1, M, Black, 3/18/2017",5
366,"POSS SCH 1 DRUGS, 1, M, Black, 9/24/2019",3
367,"POSS SCH 1 / MARIJUA, 1, M, Black, 4/18/2019",1
368,"POSS SCH 1 DRUGS, 1, M, Black, 4/18/2019",4
369,"POSS SCH 1 / MARIJUA, 1, M, Black, 9/24/2019",4
370,"POSS SCH 1 DRUGS, 1, M, Black, 8/21/2019",2
371,"POSS SCH 2 DRUGS, 2, M, White, 8/31/2019",2
372,"POSS SCH 2 DRUGS, 2, F, Black, 6/18/2019",1
373,"POSS SCH 1 DRUGS, 1, M, White, 5/31/2018",1
374,"POSS SCH 1 DRUGS, 1, M, Black, 8/31/2019",1
375,"POSS SCH 4 DRUGS, 4, M, Black, 8/31/2019",2
376,"POSS SCH 2 DRUGS, 2, M, Black, 6/15/2019",1
377,"POSS SCH 1 DRUGS, 1, M, Black, 6/15/2019",1
378,"POSS SCH 1 DRUGS, 1, M, Black, 11/20/2018",2
379,"POSS SCH I / HEROIN, , F, White, 6/23/2019",1
380,"POSS SCH 1 DRUGS, 1, M, Black, 9/8/2019",2
381,"POSS SCH 2 DRUGS, 2, M, White, 6/2/2019",3
382,"POSS SCH 1 DRUGS, 1, M, Black, 8/5/2019",5
383,"POSS SCH 4 DRUGS, 4, M, Black, 7/28/2019",1
384,"POSS SCH 1 / MARIJUA, 1, M, Black, 7/28/2019",2
385,"POSS SCH 2 DRUGS, 2, M, Black, 9/21/2019",1
386,"POSS SCH 2 DRUGS, 2, F, White, 6/20/2017",2
387,"POSS SCH 4 DRUGS, 4, M, Black, 9/27/2019",2
388,"POSS SCH 2 DRUGS, 2, M, Black, 12/24/2017",1
389,"POSS SCH 1 / MARIJUA, 1, M, Black, 7/31/2019",3
390,"POSS SCH 1 DRUGS, 1, M, White, 6/9/2019",2
391,"POSS SCH 1 DRUGS, 1, M, Black, 1/9/2019",1
392,"POSS SCH 2 DRUGS, 2, M, Black, 9/17/2019",2
393,"POSS SCH 1 DRUGS, 1, M, Black, 8/19/2019",1
394,"POSS SCH 1 DRUGS, 1, M, Black, 7/28/2015",1
395,"POSS SCH 1 / MARIJUA, 1, M, Black, 9/30/2019",8
396,"POSS SCH 1 DRUGS, 1, M, Black, 10/8/2019",3
397,"POSS SCH 2 DRUGS, 2, M, Black, 10/8/2019",1
398,"POSS SCH 1 DRUGS, 1, M, Black, 10/15/2019",3
399,"POSS SCH 3 DRUGS, 3, M, Black, 10/15/2019",2
400,"POSS SCH 1 DRUGS, 1, M, Black, 5/21/2018",3
401,"POSS SCH 3 DRUGS, 3, M, Black, 6/4/2019",2
402,"POSS SCH 5 DRUGS, 5, M, Black, 6/4/2019",1
403,"POSS SCH 2 DRUGS, 2, M, White, 7/29/2019",1
404,"POSS SCH 2 DRUGS, 2, M, Black, 9/4/2018",1
405,"POSS SCH 1 DRUGS, 1, M, White, 10/9/2019",2
406,"POSS SCH 3 DRUGS, 3, M, White, 10/9/2019",1
407,"POSS SCH 2 DRUGS, 2, M, White, 10/9/2019",3
408,"POSS SCH 1 DRUGS, 1, M, Black, 6/29/2019",1
409,"POSS SCH 4 DRUGS, 4, M, Black, 6/29/2019",1
410,"POSS SCH 4 DRUGS, 4, M, Black, 7/2/2019",2
411,"POSS SCH 1 / MARIJUA, 1, M, Black, 7/2/2019",1
412,"POSS SCH 2 DRUGS, 2, M, Black, 9/16/2019",3
413,"POSS SCH 1 DRUGS, 1, M, Black, 2/15/2019",1
414,"POSS SCH 1 DRUGS, 1, F, Black, 3/25/2019",1
415,"POSS SCH 2 DRUGS, 2, F, Black, 3/25/2019",1
416,"POSS SCH 2 DRUGS, 2, M, Black, 5/29/2019",1
417,"POSS SCH 2 DRUGS, 2, M, Black, 6/5/2019",1
418,"POSS SCH 2 DRUGS, 2, F, White, 11/15/2018",1
419,"POSS SCH 1 / MARIJUA, 1, M, Black, 9/16/2019",1
420,"POSS SCH 1 DRUGS, 1, M, White, 10/13/2019",4
421,"POSS SCH 2 DRUGS, 2, M, Black, 9/18/2019",1
422,"POSS SCH 4 DRUGS, 4, M, Black, 10/12/2019",1
423,"POSS SCH 1 / MARIJUA, 1, M, Black, 7/11/2019",2
424,"POSS SCH 1 DRUGS, 1, M, Black, 9/18/2019",6
425,"POSS SCH 3 DRUGS, 3, M, Black, 10/2/2019",2
426,"POSS SCH 1 DRUGS, 1, M, White, 3/24/2019",1
427,"POSS SCH 1 DRUGS, 1, M, White, 8/29/2019",3
428,"POSS SCH 1 DRUGS, 1, M, Black, 2/4/2019",6
429,"POSS SCH 1 DRUGS, 1, M, White, 4/17/2019",2
430,"POSS SCH 2 DRUGS, 2, M, Black, 6/14/2018",6
431,"POSS SCH 1 / MARIJUA, 1, M, Black, 9/19/2019",1
432,"POSS SCH 1 DRUGS, 1, M, Black, 5/21/2019",2
433,"POSS SCH 1 DRUGS, 1, M, Black, 5/23/2018",3
434,"POSS SCH 1 DRUGS, 1, M, Black, 3/27/2019",2
435,"POSS SCH 1 / MARIJUA, 1, M, Black, 3/27/2019",4
436,"POSS SCH 4 DRUGS, 4, F, White, 9/26/2016",1
437,"POSS SCH 2 DRUGS, 2, F, White, 9/26/2016",1
438,"POSS SCH 1 / MARIJUA, 1, M, White, 8/6/2019",1
439,"POSS SCH 2 DRUGS, 2, M, White, 7/17/2019",1
440,"POSS SCH 1 / MARIJUA, 1, M, Black, 9/3/2019",2
441,"POSS SCH 1 / MARIJUA, 1, M, Black, 3/27/2018",1
442,"POSS SCH 1 DRUGS, 1, M, Black, 3/24/2017",1
443,"POSS SCH 4 DRUGS, 4, M, Black, 10/2/2019",3
444,"POSS SCH 2 DRUGS, 2, M, White, 10/2/2019",1
445,"POSS SCH 1 DRUGS, 1, M, Black, 7/31/2019",1
446,"POSS SCH 1 DRUGS, 1, M, Black, 4/20/2019",1
447,"POSS SCH 2 DRUGS, 2, M, White, 9/18/2019",1
448,"POSS SCH 2 DRUGS, 2, M, White, 9/22/2019",1
449,"POSS SCH 5 DRUGS, 5, M, Black, 6/17/2019",1
450,"POSS SCH 3 DRUGS, 3, M, Black, 9/6/2019",1
451,"POSS SCH 1 / MARIJUA, 1, M, Black, 2/27/2019",1
452,"POSS SCH 4 DRUGS, 4, M, Black, 8/8/2019",1
453,"POSS SCH 2 DRUGS, 2, M, Black, 12/22/2018",1
454,"POSS SCH 1 / MARIJUA, 1, F, White, 6/9/2019",2
455,"POSS SCH 1 DRUGS, 1, F, White, 9/11/2019",1
456,"POSS SCH 1 DRUGS, 1, M, White, 7/17/2019",2
457,"POSS SCH 1 / MARIJUA, 1, M, White, 7/17/2019",1
458,"POSS SCH 1 / MARIJUA, 1, M, Black, 7/18/2019",1
459,"POSS SCH 3 DRUGS, 3, M, Black, 7/18/2019",1
460,"POSS SCH 2 DRUGS, 2, M, Black, 6/6/2019",1
461,"POSS SCH 3 DRUGS, 3, M, Black, 9/4/2019",1
462,"POSS SCH 1 DRUGS, 1, F, Asian, 7/23/2019",1
463,"POSS SCH 2 DRUGS, 2, F, Asian, 7/23/2019",1
464,"POSS SCH 2 DRUGS, 2, M, Black, 9/10/2018",1
465,"POSS SCH 2 DRUGS, 2, M, Black, 3/31/2019",1
466,"POSS SCH 4 DRUGS, 4, M, Black, 3/31/2019",1
467,"POSS SCH I / HEROIN, , F, White, 2/1/2019",1
468,"POSS SCH 4 DRUGS, 4, F, Black, RELEASED",3
469,"POSS SCH 2 DRUGS, 2, M, White, 9/8/2019",1
470,"POSS SCH I / HEROIN, , M, Black, 9/19/2018",1
471,"POSS SCH 1 DRUGS, 1, M, Black, 4/24/2019",2
472,"POSS SCH 4 DRUGS, 4, M, Black, 2/14/2019",1
473,"POSS SCH 1 / MARIJUA, 1, M, Black, 2/14/2019",1
474,"POSS SCH 2 DRUGS, 2, M, White, 7/26/2019",1
475,"POSS SCH 1 / MARIJUA, 1, M, Black, 5/17/2016",1
476,"POSS SCH 1 DRUGS, 1, M, Black, 8/28/2019",5
477,"POSS SCH I / HEROIN, , M, White, 8/27/2019",3
478,"POSS SCH 1 DRUGS, 1, M, White, 8/27/2019",2
479,"POSS SCH 1 DRUGS, 1, M, Black, 12/19/2018",1
480,"POSS SCH 1 DRUGS, 1, M, Black, 7/17/2019",1
481,"POSS SCH 2 DRUGS, 2, M, Black, 10/1/2019",2
482,"POSS SCH 2 DRUGS, 2, M, White, 9/12/2019",4
483,"POSS SCH 2 DRUGS, 2, F, White, 10/11/2019",3
484,"POSS SCH 2 DRUGS, 2, F, Black, 10/10/2019",4
485,"POSS SCH 4 DRUGS, 4, M, Black, 8/26/2019",2
486,"POSS SCH 2 DRUGS, 2, M, White, 4/19/2019",3
487,"POSS SCH I / HEROIN, , M, Black, RELEASED",3
488,"POSS SCH 1 DRUGS, 1, M, White, 10/8/2019",1
489,"POSS SCH 1 DRUGS, 1, F, Black, RELEASED",5
490,"POSS SCH 1 / MARIJUA, 1, M, Black, 5/21/2019",1
491,"POSS SCH 4 DRUGS, 4, M, Black, 5/30/2019",1
492,"POSS SCH 1 DRUGS, 1, F, Black, 9/18/2019",5
493,"POSS SCH 4 DRUGS, 4, M, Black, 5/29/2019",4
494,"POSS SCH 1 DRUGS, 1, M, Black, 5/8/2018",1
495,"POSS SCH 2 DRUGS, 2, F, White, 8/15/2019",2
496,"POSS SCH 1 / MARIJUA, 1, M, White, 8/8/2019",2
497,"POSS SCH 1 / MARIJUA, 1, M, Black, 10/15/2019",8
498,"POSS SCH 1 DRUGS, 1, M, White, 10/2/2019",2
499,"POSS SCH 2 DRUGS, 2, F, White, 8/16/2019",4
500,"POSS SCH 2 DRUGS, 2, M, Black, 8/26/2019",2
501,"POSS SCH 2 DRUGS, 2, M, Black, 10/28/2019",1
502,"POSS SCH 5 DRUGS, 5, M, White, 10/28/2019",1
503,"POSS SCH 4 DRUGS, 4, M, Black, 9/10/2019",5
504,"POSS SCH 1 DRUGS, 1, M, White, 5/14/2019",2
505,"POSS SCH 2 DRUGS, 2, M, White, 10/3/2019",1
506,"POSS SCH 3 DRUGS, 3, M, White, 10/3/2019",1
507,"POSS SCH 2 DRUGS, 2, M, Black, 1/15/2018",4
508,"POSS SCH 1 DRUGS, 1, F, Black, 10/29/2019",2
509,"POSS SCH 4 DRUGS, 4, M, Black, 7/17/2019",5
510,"POSS SCH 4 DRUGS, 4, M, Black, 11/15/2018",4
511,"POSS SCH 1 DRUGS, 1, M, Black, 10/20/2019",6
512,"POSS SCH 2 DRUGS, 2, M, Black, 1/19/2017",4
513,"POSS SCH 1 DRUGS, 1, M, Black, 7/7/2019",2
514,"POSS SCH 1 / MARIJUA, 1, M, Black, 5/23/2019",2
515,"POSS SCH 1 DRUGS, 1, M, Black, 5/23/2019",3
516,"POSS SCH 1 DRUGS, 1, M, Black, 7/26/2019",3
517,"POSS SCH 1 / MARIJUA, 1, M, Black, 7/26/2019",1
518,"POSS SCH 1 DRUGS, 1, M, White, 11/18/2018",8
519,"POSS SCH 2 DRUGS, 2, M, White, 4/17/2019",1
520,"POSS SCH 1 / MARIJUA, 1, M, White, 9/30/2019",1
521,"POSS SCH 1 DRUGS, 1, M, Black, 9/5/2019",1
522,"POSS SCH 2 DRUGS, 2, M, Black, 9/9/2019",1
523,"POSS SCH 2 DRUGS, 2, M, Black, 7/26/2019",2
524,"POSS SCH 2 DRUGS, 2, M, Black, 8/2/2018",1
525,"POSS SCH 2 DRUGS, 2, M, White, 6/30/2019",1
526,"POSS SCH 2 DRUGS, 2, F, Black, 9/27/2019",1
527,"POSS SCH 1 DRUGS, 1, M, Black, 2/20/2019",3
528,"POSS SCH 1 DRUGS, 1, M, Black, 10/7/2019",5
529,"POSS SCH 2 DRUGS, 2, M, White, 9/10/2019",10
530,"POSS SCH 2 DRUGS, 2, M, Black, 7/9/2019",3
531,"POSS SCH 1 DRUGS, 1, F, Black, 7/29/2019",3
532,"POSS SCH 2 DRUGS, 2, M, Black, 10/12/2019",3
533,"POSS SCH 1 / MARIJUA, 1, M, Black, 8/13/2019",6
534,"POSS SCH 4 DRUGS, 4, M, White, 7/30/2019",1
535,"POSS SCH 1 DRUGS, 1, M, White, 5/1/2019",1
536,"POSS SCH 2 DRUGS, 2, M, Black, 10/9/2019",3
537,"POSS SCH 1 DRUGS, 1, F, White, 11/21/2018",2
538,"POSS SCH 2 DRUGS, 2, F, Black, 7/29/2019",3
539,"POSS SCH 2 DRUGS, 2, F, White, 8/22/2019",5
540,"POSS SCH 2 DRUGS, 2, M, Black, 11/15/2018",3
541,"POSS SCH 2 DRUGS, 2, M, Black, 8/7/2019",5
542,"POSS SCH 2 DRUGS, 2, M, Black, 7/2/2019",6
543,"POSS SCH 2 DRUGS, 2, M, Black, 10/24/2019",2
544,"POSS SCH 1 / MARIJUA, 1, M, Black, 4/17/2019",6
545,"POSS SCH 2 DRUGS, 2, M, Black, 10/22/2019",5
546,"POSS SCH 4 DRUGS, 4, M, White, 9/10/2019",2
547,"POSS SCH 1 DRUGS, 1, M, Black, 10/17/2019",4
548,"POSS SCH 2 DRUGS, 2, M, Black, 6/19/2019",1
549,"POSS SCH 1 DRUGS, 1, M, Black, 10/11/2019",2
550,"POSS SCH 2 DRUGS, 2, M, Black, 10/11/2019",1
551,"POSS SCH 1 DRUGS, 1, M, White, 10/22/2019",1
552,"POSS SCH 2 DRUGS, 2, M, White, 10/22/2019",1
553,"POSS SCH I / HEROIN, , M, White, 10/17/2019",5
554,"POSS SCH 1 DRUGS, 1, M, Black, 10/22/2019",1
555,"POSS SCH 1 / MARIJUA, 1, M, Black, 10/22/2019",1
556,"POSS SCH 2 DRUGS, 2, F, Black, 10/24/2019",1
557,"POSS SCH 1 / MARIJUA, 1, M, Black, 10/25/2019",1
558,"POSS SCH 1 DRUGS, 1, M, White, 10/16/2019",2
559,"POSS SCH 1 / MARIJUA, 1, M, White, 10/12/2019",1
560,"POSS SCH 1 DRUGS, 1, M, Black, 5/2/2019",3
561,"POSS SCH 1 / MARIJUA, 1, M, Black, 8/21/2019",2
562,"POSS SCH 1 DRUGS, 1, M, White, 5/7/2019",4
563,"POSS SCH 1 / MARIJUA, 1, M, White, 8/2/2019",3
564,"POSS SCH 1 DRUGS, 1, M, Black, 5/20/2019",1
565,"POSS SCH 2 DRUGS, 2, M, White, 1/7/2019",1
566,"POSS SCH 1 / MARIJUA, 1, M, Black, 2/8/2019",3
567,"POSS SCH 2 DRUGS, 2, M, Black, 9/7/2019",1
568,"POSS SCH 1 DRUGS, 1, M, Black, 7/27/2018",1
569,"POSS SCH 2 DRUGS, 2, M, Black, 7/27/2018",1
570,"POSS SCH 2 DRUGS, 2, F, White, 10/1/2019",1
571,"POSS SCH 1 DRUGS, 1, M, Black, 10/18/2019",1
572,"POSS SCH 1 DRUGS, 1, M, Black, 9/26/2019",1
573,"POSS SCH 2 DRUGS, 2, M, White, 9/28/2019",1
574,"POSS SCH 4 DRUGS, 4, M, White, 9/28/2019",1
575,"POSS SCH 1 DRUGS, 1, M, Black, 6/3/2019",3
576,"POSS SCH 2 DRUGS, 2, M, Black, 6/3/2019",1
577,"POSS SCH I / HEROIN, , M, White, 8/26/2019",1
578,"POSS SCH I / HEROIN, , M, White, 2/25/2019",1
579,"POSS SCH 1 DRUGS, 1, M, White, 2/25/2019",1
580,"POSS SCH 4 DRUGS, 4, M, Black, 5/21/2019",1
581,"POSS SCH 1 DRUGS, 1, M, Black, 6/18/2019",2
582,"POSS SCH 2 DRUGS, 2, M, Black, 5/8/2019",1
583,"POSS SCH 2 DRUGS, 2, M, White, 10/14/2019",2
584,"POSS SCH 2 DRUGS, 2, F, White, 9/27/2019",1
585,"POSS SCH 1 / MARIJUA, 1, F, White, 6/5/2019",1
586,"POSS SCH 1 DRUGS, 1, F, White, 6/5/2019",1
587,"POSS SCH 1 / MARIJUA, 1, M, Black, 10/3/2019",2
588,"POSS SCH 1 DRUGS, 1, M, Black, 2/16/2018",1
589,"POSS SCH 1 DRUGS, 1, M, Black, 11/15/2017",3
590,"POSS SCH 2 DRUGS, 2, M, Black, 11/15/2017",3
591,"POSS SCH 1 / MARIJUA, 1, M, Black, 11/17/2016",1
592,"POSS SCH 1 DRUGS, 1, M, Black, 10/16/2019",1
593,"POSS SCH 1 DRUGS, 1, F, Black, 9/25/2019",1
594,"POSS SCH 1 / MARIJUA, 1, F, Black, 11/7/2017",1
595,"POSS SCH 2 DRUGS, 2, M, Black, 11/21/2018",1
596,"POSS SCH 1 DRUGS, 1, M, Black, 11/27/2018",4
597,"POSS SCH 1 / MARIJUA, 1, M, Black, 10/17/2019",2
598,"POSS SCH 2 DRUGS, 2, M, Black, 10/17/2019",2
599,"POSS SCH 1 DRUGS, 1, F, White, 10/23/2019",4
600,"POSS SCH 2 DRUGS, 2, M, Black, 10/29/2019",1
601,"POSS SCH 2 DRUGS, 2, F, White, 10/14/2019",2
602,"POSS SCH 2 DRUGS, 2, M, White, 10/15/2019",3
603,"POSS SCH 1 / MARIJUA, 1, M, Black, 10/24/2019",1
604,"POSS SCH I / HEROIN, , M, Black, 8/20/2019",3
605,"POSS SCH 3 DRUGS, 3, M, Black, 9/1/2017",3
606,"POSS SCH 2 DRUGS, 2, F, White, 10/12/2019",2
607,"POSS SCH 2 DRUGS, 2, M, White, 8/16/2019",2
608,"POSS SCH 1 DRUGS, 1, M, Black, 5/9/2019",2
609,"POSS SCH 1 DRUGS, 1, M, White, 10/14/2019",1
610,"POSS SCH 1 DRUGS, 1, M, Black, 7/16/2019",2
611,"POSS SCH 4 DRUGS, 4, M, Black, 7/16/2019",1
612,"POSS SCH 4 DRUGS, 4, M, Black, 10/15/2019",1
613,"POSS SCH 1 DRUGS, 1, M, Black, 2/2/2019",1
614,"POSS SCH 1 DRUGS, 1, M, Black, 10/19/2019",1
615,"POSS SCH 1 DRUGS, 1, M, White, 8/16/2019",1
616,"POSS SCH 2 DRUGS, 2, F, White, 9/11/2019",1
617,"POSS SCH 1 DRUGS, 1, M, Black, 10/14/2019",2
618,"POSS SCH 2 DRUGS, 2, M, Black, 1/29/2019",1
619,"POSS SCH 4 DRUGS, 4, M, White, 11/8/2018",1
620,"POSS SCH 5 DRUGS, 5, M, Black, 7/22/2019",2
621,"POSS SCH 1 / MARIJUA, 1, M, Black, 10/9/2019",3
622,"POSS SCH 2 DRUGS, 2, M, Black, 10/7/2019",4
623,"POSS SCH 1 / MARIJUA, 1, M, Black, 1/1/2019",3
624,"POSS SCH 2 DRUGS, 2, M, White, 10/8/2019",1
625,"POSS SCH 1 DRUGS, 1, M, White, 6/28/2019",1
626,"POSS SCH 2 DRUGS, 2, M, White, 6/28/2019",1
627,"POSS SCH 1 DRUGS, 1, M, Black, 4/30/2019",1
628,"POSS SCH 4 DRUGS, 4, M, Black, 2/17/2016",2
629,"POSS SCH 2 DRUGS, 2, F, Black, 6/25/2019",1
630,"POSS SCH 2 DRUGS, 2, M, White, 8/7/2019",1
631,"POSS SCH 1 DRUGS, 1, M, Black, 6/7/2019",1
632,"POSS SCH 2 DRUGS, 2, M, Black, 4/23/2019",2
633,"POSS SCH 1 / MARIJUA, 1, M, Black, 8/19/2019",1
634,"POSS SCH 1 DRUGS, 1, M, White, 7/3/2019",1
635,"POSS SCH 3 DRUGS, 3, M, Black, 10/12/2019",2
636,"POSS SCH 2 DRUGS, 2, F, White, 8/18/2019",1
637,"POSS SCH 2 DRUGS, 2, F, White, 8/25/2019",1
638,"POSS SCH 1 DRUGS, 1, M, White, 5/13/2019",1
639,"POSS SCH 2 DRUGS, 2, M, White, 5/13/2019",1
640,"POSS SCH 1 DRUGS, 1, M, Black, 10/9/2019",5
641,"POSS SCH 4 DRUGS, 4, M, Black, 10/5/2019",3
642,"POSS SCH 1 / MARIJUA, 1, M, Black, 10/16/2019",1
643,"POSS SCH 1 / MARIJUA, 1, M, Black, 4/9/2019",1
644,"POSS SCH 1 / MARIJUA, 1, M, Black, 5/6/2019",1
645,"POSS SCH 1 / MARIJUA, 1, M, Black, 12/13/2018",1
646,"POSS SCH 1 DRUGS, 1, M, White, 6/19/2019",1
647,"POSS SCH 2 DRUGS, 2, M, White, 6/19/2019",1
648,"POSS SCH 1 / MARIJUA, 1, F, White, 10/19/2019",1
649,"POSS SCH 1 DRUGS, 1, M, White, 8/3/2018",1
650,"POSS SCH 3 DRUGS, 3, M, White, 8/3/2018",1
651,"POSS SCH 2 DRUGS, 2, M, White, 8/3/2018",1
652,"POSS SCH 4 DRUGS, 4, M, Black, 12/6/2018",1
653,"POSS SCH 1 / MARIJUA, 1, M, Black, 12/6/2018",1
654,"POSS SCH 2 DRUGS, 2, M, White, 8/24/2019",1
655,"POSS SCH 1 DRUGS, 1, F, White, 8/14/2019",1
656,"POSS SCH 1 / MARIJUA, 1, M, Black, 10/10/2019",1
657,"POSS SCH 1 DRUGS, 1, M, Black, 7/5/2019",1
658,"POSS SCH 1 DRUGS, 1, F, Black, 11/6/2018",1
659,"POSS SCH 2 DRUGS, 2, F, Black, 11/6/2018",1
660,"POSS SCH 4 DRUGS, 4, M, Black, 10/3/2019",1
661,"POSS SCH 1 DRUGS, 1, M, White, 8/31/2019",2
662,"POSS SCH 1 DRUGS, 1, F, Black, 10/2/2019",2
663,"POSS SCH 4 DRUGS, 4, F, Black, 10/2/2019",1
664,"POSS SCH 2 DRUGS, 2, M, Black, 3/15/2018",1
665,"POSS SCH 1 DRUGS, 1, M, White, 10/21/2019",2
666,"POSS SCH I / HEROIN, , M, White, 9/11/2019",1
667,"POSS SCH 2 DRUGS, 2, M, Black, 4/11/2019",1
668,"POSS SCH 1 DRUGS, 1, M, Black, 8/26/2019",1
669,"POSS SCH 4 DRUGS, 4, M, Black, 8/30/2019",1
670,"POSS SCH 2 DRUGS, 2, M, Black, 1/24/2019",1
671,"POSS SCH 2 DRUGS, 2, F, Black, 8/19/2019",1
672,"POSS SCH 4 DRUGS, 4, M, Black, 4/1/2017",3
673,"POSS SCH 1 / MARIJUA, 1, F, Black, 9/8/2019",1
674,"POSS SCH 1 DRUGS, 1, F, Black, 5/31/2019",1
675,"POSS SCH 2 DRUGS, 2, F, Black, 5/31/2019",1
676,"POSS SCH 4 DRUGS, 4, M, Black, 9/20/2019",1
677,"POSS SCH 1 DRUGS, 1, M, Black, 11/15/2018",1
678,"POSS SCH 1 DRUGS, 1, M, Black, 12/10/2018",1
679,"POSS SCH 1 DRUGS, 1, M, White, 9/27/2019",1
680,"POSS SCH 4 DRUGS, 4, M, White, 9/6/2019",1
681,"POSS SCH 1 / MARIJUA, 1, M, Black, 2/5/2019",1
682,"POSS SCH 4 DRUGS, 4, M, Black, 6/18/2019",1
683,"POSS SCH 1 DRUGS, 1, M, Black, 9/29/2019",1
684,"POSS SCH 4 DRUGS, 4, M, Black, 5/8/2019",1
685,"POSS SCH 1 / MARIJUA, 1, M, Black, 8/25/2019",1
686,"POSS SCH 2 DRUGS, 2, M, White, 5/21/2019",1
687,"POSS SCH 1 DRUGS, 1, M, White, 9/15/2017",1
688,"POSS SCH 2 DRUGS, 2, M, Black, 7/4/2019",1
689,"POSS SCH 2 DRUGS, 2, M, Black, 1/16/2019",1
690,"POSS SCH 4 DRUGS, 4, F, Black, 7/26/2019",1
691,"POSS SCH 2 DRUGS, 2, M, Black, 2/14/2019",1
692,"POSS SCH 2 DRUGS, 2, M, White, 6/3/2019",2
693,"POSS SCH 1 / MARIJUA, 1, M, Black, 11/10/2017",1
694,"POSS SCH 2 DRUGS, 2, M, Black, 6/27/2019",1
695,"POSS SCH I / HEROIN, , M, White, 5/2/2019",1
696,"POSS SCH 1 DRUGS, 1, M, White, 5/2/2019",1
697,"POSS SCH 1 / MARIJUA, 1, M, Black, 10/2/2019",1
698,"POSS SCH 1 / MARIJUA, 1, M, Black, 8/15/2019",1
699,"POSS SCH 2 DRUGS, 2, M, Black, 8/15/2019",1
700,"POSS SCH 1 / MARIJUA, 1, M, Black, 7/25/2019",1
701,"POSS SCH 2 DRUGS, 2, M, White, 5/9/2019",1
702,"POSS SCH I / HEROIN, , M, Black, 9/3/2017",1
703,"POSS SCH 1 DRUGS, 1, M, Black, 8/28/2009",1
704,"POSS SCH 4 DRUGS, 4, M, Black, 2/8/2019",1
705,"POSS SCH 2 DRUGS, 2, M, Black, 3/10/2019",1
706,"POSS SCH 1 / MARIJUA, 1, M, Black, 3/10/2019",1
707,"POSS SCH 1 / MARIJUA, 1, F, Black, 6/7/2019",2
708,"POSS SCH 1 / MARIJUA, 1, M, Black, 8/5/2019",1
709,"POSS SCH 2 DRUGS, 2, M, Black, 7/7/2019",2
710,"POSS SCH 1 / MARIJUA, 1, M, Black, 4/15/2019",1
711,"POSS SCH I / HEROIN, , M, White, 6/3/2019",1
712,"POSS SCH 1 / MARIJUA, 1, M, Black, 10/11/2019",1
713,"POSS SCH 4 DRUGS, 4, M, Black, 10/9/2019",1
714,"POSS SCH 2 DRUGS, 2, M, Black, 7/10/2019",2
715,"POSS SCH 2 DRUGS, 2, M, Black, 10/18/2019",1
716,"POSS SCH 2 DRUGS, 2, M, Black, 9/1/2017",3
717,"POSS SCH 4 DRUGS, 4, F, Black, 9/18/2019",1
718,"POSS SCH 2 DRUGS, 2, M, White, 8/28/2019",1
719,"POSS SCH 2 DRUGS, 2, M, Black, 1/7/2019",1
720,"POSS SCH 2 DRUGS, 2, M, Black, 11/26/2018",1
721,"POSS SCH 1 / MARIJUA, 1, M, Black, 2/6/2015",1
722,"POSS SCH 1 DRUGS, 1, M, White, 9/5/2019",1
723,"POSS SCH 2 DRUGS, 2, M, Black, 7/15/2019",1
724,"POSS SCH 4 DRUGS, 4, M, Black, 6/2/2019",1
725,"POSS SCH 1 DRUGS, 1, M, Black, 4/15/2019",1
